{
  "IcoMoonType": "selection",
  "icons": [
    {
      "icon": {
        "paths": [
          "M658.286 475.429c0-141.143-114.857-256-256-256s-256 114.857-256 256 114.857 256 256 256 256-114.857 256-256zM950.857 950.857c0 40-33.143 73.143-73.143 73.143-19.429 0-38.286-8-51.429-21.714l-196-195.429c-66.857 46.286-146.857 70.857-228 70.857-222.286 0-402.286-180-402.286-402.286s180-402.286 402.286-402.286 402.286 180 402.286 402.286c0 81.143-24.571 161.143-70.857 228l196 196c13.143 13.143 21.143 32 21.143 51.429z"
        ],
        "width": 950.8571428571428,
        "attrs": [],
        "isMulticolor": false,
        "isMulticolor2": false,
        "tags": [
          "search"
        ],
        "defaultCode": 61442,
        "grid": 14
      },
      "attrs": [],
      "properties": {
        "name": "search",
        "id": 6,
        "order": 10,
        "prevSize": 28,
        "code": 61442
      },
      "setIdx": 0,
      "setId": 2,
      "iconIdx": 6
    },
    {
      "icon": {
        "paths": [
          "M954.857 323.429c0 14.286-5.714 28.571-16 38.857l-491.429 491.429c-10.286 10.286-24.571 16-38.857 16s-28.571-5.714-38.857-16l-284.571-284.571c-10.286-10.286-16-24.571-16-38.857s5.714-28.571 16-38.857l77.714-77.714c10.286-10.286 24.571-16 38.857-16s28.571 5.714 38.857 16l168 168.571 374.857-375.429c10.286-10.286 24.571-16 38.857-16s28.571 5.714 38.857 16l77.714 77.714c10.286 10.286 16 24.571 16 38.857z"
        ],
        "width": 1024,
        "attrs": [],
        "isMulticolor": false,
        "isMulticolor2": false,
        "tags": [
          "check"
        ],
        "defaultCode": 61452,
        "grid": 14
      },
      "attrs": [],
      "properties": {
        "name": "check",
        "id": 16,
        "order": 9,
        "prevSize": 28,
        "code": 61452
      },
      "setIdx": 0,
      "setId": 2,
      "iconIdx": 16
    },
    {
      "icon": {
        "paths": [
          "M741.714 755.429c0 14.286-5.714 28.571-16 38.857l-77.714 77.714c-10.286 10.286-24.571 16-38.857 16s-28.571-5.714-38.857-16l-168-168-168 168c-10.286 10.286-24.571 16-38.857 16s-28.571-5.714-38.857-16l-77.714-77.714c-10.286-10.286-16-24.571-16-38.857s5.714-28.571 16-38.857l168-168-168-168c-10.286-10.286-16-24.571-16-38.857s5.714-28.571 16-38.857l77.714-77.714c10.286-10.286 24.571-16 38.857-16s28.571 5.714 38.857 16l168 168 168-168c10.286-10.286 24.571-16 38.857-16s28.571 5.714 38.857 16l77.714 77.714c10.286 10.286 16 24.571 16 38.857s-5.714 28.571-16 38.857l-168 168 168 168c10.286 10.286 16 24.571 16 38.857z"
        ],
        "width": 804.5714285714286,
        "attrs": [],
        "isMulticolor": false,
        "isMulticolor2": false,
        "tags": [
          "close",
          "remove",
          "times"
        ],
        "defaultCode": 61453,
        "grid": 14
      },
      "attrs": [],
      "properties": {
        "name": "close, remove, times",
        "id": 17,
        "order": 7,
        "prevSize": 28,
        "code": 61453
      },
      "setIdx": 0,
      "setId": 2,
      "iconIdx": 17
    },
    {
      "icon": {
        "paths": [
          "M614.286 420.571c0 4.571-2.286 9.714-5.714 13.143l-266.286 266.286c-3.429 3.429-8.571 5.714-13.143 5.714s-9.714-2.286-13.143-5.714l-266.286-266.286c-3.429-3.429-5.714-8.571-5.714-13.143s2.286-9.714 5.714-13.143l28.571-28.571c3.429-3.429 8-5.714 13.143-5.714 4.571 0 9.714 2.286 13.143 5.714l224.571 224.571 224.571-224.571c3.429-3.429 8.571-5.714 13.143-5.714s9.714 2.286 13.143 5.714l28.571 28.571c3.429 3.429 5.714 8.571 5.714 13.143z"
        ],
        "width": 658.2857142857142,
        "attrs": [],
        "isMulticolor": false,
        "isMulticolor2": false,
        "tags": [
          "angle-down"
        ],
        "defaultCode": 61703,
        "grid": 14
      },
      "attrs": [],
      "properties": {
        "name": "angle-down",
        "id": 236,
        "order": 8,
        "prevSize": 28,
        "code": 61703
      },
      "setIdx": 0,
      "setId": 2,
      "iconIdx": 236
    }
  ],
  "height": 1024,
  "metadata": {
    "name": "icomoon"
  },
  "preferences": {
    "showGlyphs": true,
    "showQuickUse": true,
    "showQuickUse2": true,
    "showSVGs": true,
    "fontPref": {
      "prefix": "icon-",
      "metadata": {
        "fontFamily": "icomoon"
      },
      "metrics": {
        "emSize": 1024,
        "baseline": 6.25,
        "whitespace": 50
      },
      "embed": false,
      "autoHost": true
    },
    "imagePref": {
      "prefix": "icon-",
      "png": true,
      "useClassSelector": true,
      "color": 0,
      "bgColor": 16777215,
      "classSelector": ".icon"
    },
    "historySize": 50,
    "showCodes": true,
    "gridSize": 16,
    "quickUsageToken": {
      "UntitledProject": "ZGZkMDM1YWFmODRmYTBkNGMwZDZjYjk1NDlkMDA3NTUjMSMxNTE2MzUxNzU1IyMj"
    }
  }
}