{
    "status": "Success",
    "data": [
        
        {
            "Name": "createExam",
            "RunContext": "CI_CX_NEW",
            "TYPE": "Showsystem",
            "TestID": 219142,
            "Value": 3.618929524,
            "Date": "2018-02-22",
            "Build": "CX2.0_EA_120457_1808.f",
            "Location": "Bangalore"
        },
        {
            "Name": "pi",
            "RunContext": "CI_Qualification",
            "TYPE": "VM_Showsystem",
            "TestID": 1847,
            "Value": 3.1469,
            "Date": "2017-04-26",
            "Build": "MR27.0_EA_1715.c",
            "Location": "Milwaukee"
        },
        {
            "Name": "pi",
            "RunContext": "CI_Qualification",
            "TYPE": "Showsystem",
            "TestID": 2357,
            "Value": 3.1469,
            "Date": "2017-05-09",
            "Build": "tst.MR27_CSE3114RFV1V3_1718.a",
            "Location": "Bangalore"
        },
        {
            "Name": "pi",
            "RunContext": "CI_Qualification",
            "TYPE": "Showsystem",
            "TestID": 2602,
            "Value": 3.1469,
            "Date": "2017-05-17",
            "Build": "MR27.0_EA_1720.a",
            "Location": "Bangalore"
        },
        {
            "Name": "pi",
            "RunContext": "CI_Qualification",
            "TYPE": "VM_Showsystem",
            "TestID": 2725,
            "Value": 3.1469,
            "Date": "2017-05-20",
            "Build": "MR27.0_EA_1720.b",
            "Location": "Milwaukee"
        },
        {
            "Name": "LOAD_PROTOCOL_1",
            "RunContext": "CI_DV26",
            "TYPE": "VM_Showsystem",
            "TestID": 15297,
            "Value": 2.449265591,
            "Date": "2017-03-25",
            "Build": "DV26.0_EC_1712.a",
            "Location": "Milwaukee"
        },
        {
            "Name": "ADD_TASK_1",
            "RunContext": "CI_DV26",
            "TYPE": "VM_Showsystem",
            "TestID": 16581,
            "Value": 0.001380554,
            "Date": "2017-03-31",
            "Build": "DV26.0_EC_1713.b",
            "Location": "Milwaukee"
        },
        {
            "Name": "Cx_SET_SPACING",
            "RunContext": "CI_CX2.0",
            "TYPE": "Target",
            "TestID": 36713,
            "Value": 0.073659017,
            "Date": "2017-06-26",
            "Build": "CX2.0_EA_94613_1723.c",
            "Location": "Bangalore"
        },
        {
            "Name": "Cx_TASK_SETUP_1",
            "RunContext": "CI_MRPET",
            "TYPE": "Showsystem",
            "TestID": 32320,
            "Value": 1.384,
            "Date": "2017-06-18",
            "Build": "MP26.0_EA_KPI_1721.a",
            "Location": "Bangalore"
        },
        {
            "Name": "Cx_SET_TR",
            "RunContext": "CI_MRPET",
            "TYPE": "Showsystem",
            "TestID": 31127,
            "Value": 0.058997726,
            "Date": "2017-06-12",
            "Build": "MP26.0_EA_KPI_1721.a",
            "Location": "Bangalore"
        },
        {
            "Name": "Cx_SET_TR",
            "RunContext": "CI_CX2.0",
            "TYPE": "Target",
            "TestID": 31134,
            "Value": 0.058589216,
            "Date": "2017-06-12",
            "Build": "CX2.0_EA_94613_1723.c",
            "Location": "Bangalore"
        },
        {
            "Name": "Cx_DOWNLOAD_TASK_1",
            "RunContext": "CI_CX2.0",
            "TYPE": "Target",
            "TestID": 202535,
            "Value": 1.244590096,
            "Date": "2018-01-28",
            "Build": "CX2.0_EA_117707_1804.c",
            "Location": "Bangalore"
        },
        {
            "Name": "CALC_MR_SER_1LOC_MRConsole",
            "RunContext": "CI_MRPET",
            "TYPE": "Target",
            "TestID": 203115,
            "Value": 47.0,
            "Date": "2018-01-28",
            "Build": "MP26.0_EB_1804.a",
            "Location": "Bangalore"
        },
        {
            "Name": "LOAD1KX512X512",
            "RunContext": "CI_RIO",
            "TYPE": "Target",
            "TestID": 203272,
            "Value": 4109.016113,
            "Date": "2018-01-29",
            "Build": "MR27.0_EA_1803.c",
            "Location": "Bangalore"
        },
        {
            "Name": "Cx_TASK_SETUP_1",
            "RunContext": "CI_MRPET",
            "TYPE": "Target",
            "TestID": 203763,
            "Value": 0.843,
            "Date": "2018-01-29",
            "Build": "MP26.0_EB_1804.a",
            "Location": "Bangalore"
        },
        {
            "Name": "OS_BootTime",
            "RunContext": "CI_MRPET",
            "TYPE": "Target",
            "TestID": 203766,
            "Value": 471.0,
            "Date": "2018-01-29",
            "Build": "MP26.0_EB_1804.a",
            "Location": "Bangalore"
        },
        {
            "Name": "SprSnap_tpsreset_Size",
            "RunContext": "HAST",
            "TYPE": "Bay",
            "TestID": 203884,
            "Value": 420218880.0,
            "Date": "2018-01-29",
            "Build": "MR27.0_EA_1804.c",
            "Location": "Milwaukee"
        },
        {
            "Name": "Cx_LAUNCH_IMG_UI",
            "RunContext": "CI_CX2.0",
            "TYPE": "Target",
            "TestID": 205140,
            "Value": 0.527254094,
            "Date": "2018-01-31",
            "Build": "CX2.0_EA_117707_1804.c",
            "Location": "Bangalore"
        },
        {
            "Name": "OS_BootTime",
            "RunContext": "CI_RIO",
            "TYPE": "Target",
            "TestID": 205173,
            "Value": 309.0,
            "Date": "2018-01-31",
            "Build": "MR27.0_EA_1803.c",
            "Location": "Bangalore"
        },
        {
            "Name": "Cx_RX_ACCEPT_1",
            "RunContext": "CI_CX2.0",
            "TYPE": "Target",
            "TestID": 205206,
            "Value": 1.10508263,
            "Date": "2018-02-01",
            "Build": "CX2.0_EA_117707_1804.c",
            "Location": "Bangalore"
        },
        {
            "Name": "createExam",
            "RunContext": "CI_CX_NEW",
            "TYPE": "Target",
            "TestID": 205897,
            "Value": 0.375232931,
            "Date": "2018-02-02",
            "Build": "CX2.0_EA_116796_1803.a",
            "Location": "Milwaukee"
        },
        {
            "Name": "OS_BootTime",
            "RunContext": "CI_CX_NEW",
            "TYPE": "Target",
            "TestID": 205898,
            "Value": 323.0,
            "Date": "2018-02-02",
            "Build": "CX2.0_EA_116796_1803.a",
            "Location": "Milwaukee"
        },
        {
            "Name": "Dv26_SET_SPACING",
            "RunContext": "CI_DV26",
            "TYPE": "Target",
            "TestID": 206753,
            "Value": 0.087569441,
            "Date": "2018-02-02",
            "Build": "DV26.0_R02_1805.b",
            "Location": "Bangalore"
        },
        {
            "Name": "Cx_SET_TR",
            "RunContext": "CI_CX2.0",
            "TYPE": "Target",
            "TestID": 208604,
            "Value": 0.088753879,
            "Date": "2018-02-05",
            "Build": "CX2.0_EA_117707_1804.c",
            "Location": "Bangalore"
        },
        {
            "Name": "CALC_MR_FMRI_1LOC",
            "RunContext": "CI_MRPET",
            "TYPE": "Target",
            "TestID": 209055,
            "Value": 9.0,
            "Date": "2018-02-06",
            "Build": "MP26.0_EB_1805.b",
            "Location": "Bangalore"
        },
        {
            "Name": "CALC_MR_FMRI_1LOC",
            "RunContext": "CI_CX2.0",
            "TYPE": "Target",
            "TestID": 209558,
            "Value": 9.0,
            "Date": "2018-02-06",
            "Build": "CX2.0_EA_117707_1804.c",
            "Location": "Bangalore"
        },
        {
            "Name": "TPS_RESET",
            "RunContext": "CI_DV26",
            "TYPE": "Target",
            "TestID": 210334,
            "Value": 85.0,
            "Date": "2018-02-07",
            "Build": "DV26.0_R02_1805.b",
            "Location": "Bangalore"
        },
        {
            "Name": "Rio_DOWNLOAD_TASK_1",
            "RunContext": "CI_RIO",
            "TYPE": "Target",
            "TestID": 210342,
            "Value": 1.036514907,
            "Date": "2018-02-08",
            "Build": "MR27.0_EA_1806.a",
            "Location": "Bangalore"
        },
        {
            "Name": "TPS_RESET",
            "RunContext": "CI_RIO",
            "TYPE": "Target",
            "TestID": 210348,
            "Value": 79.0,
            "Date": "2018-02-08",
            "Build": "MR27.0_EA_1806.a",
            "Location": "Bangalore"
        },
        {
            "Name": "ADD_TASK_1",
            "RunContext": "CI_MR27",
            "TYPE": "Showsystem",
            "TestID": 210836,
            "Value": 0.001912773,
            "Date": "2018-02-08",
            "Build": "MR27.0_EA_1806.a",
            "Location": "Bangalore"
        },
        {
            "Name": "OS_BootTime",
            "RunContext": "CI_RIO",
            "TYPE": "Target",
            "TestID": 210970,
            "Value": 364.0,
            "Date": "2018-02-09",
            "Build": "MR27.0_EA_1806.a",
            "Location": "Bangalore"
        },
        {
            "Name": "SCANOPS_EVENT",
            "RunContext": "CI_RIO",
            "TYPE": "Target",
            "TestID": 211574,
            "Value": 0.977194,
            "Date": "2018-02-10",
            "Build": "MR27.0_EA_1806.a",
            "Location": "Bangalore"
        }
    ]
}

